PDF File,Prediction,Conference
P035.pdf,Publishable,CVPR
P093.pdf,Publishable,CVPR
P090.pdf,Publishable,CVPR
P057.pdf,Publishable,CVPR
P049.pdf,Publishable,CVPR
P111.pdf,Publishable,NeurIPS
P018.pdf,Publishable,EMNLP
P046.pdf,Publishable,EMNLP
P104.pdf,Publishable,EMNLP
P122.pdf,Publishable,CVPR
P132.pdf,Publishable,CVPR
P059.pdf,Publishable,EMNLP
P089.pdf,Publishable,NeurIPS
P067.pdf,Publishable,EMNLP
P064.pdf,Publishable,EMNLP
P061.pdf,Publishable,CVPR
P116.pdf,Publishable,NeurIPS
P052.pdf,Publishable,EMNLP
P030.pdf,Publishable,CVPR
P033.pdf,Publishable,EMNLP
P112.pdf,Publishable,EMNLP
P044.pdf,Publishable,CVPR
P006.pdf,Publishable,CVPR
P076.pdf,Publishable,CVPR
P103.pdf,Publishable,CVPR
P108.pdf,Publishable,EMNLP
P008.pdf,Publishable,EMNLP
P003.pdf,Publishable,CVPR
P097.pdf,Publishable,CVPR
P124.pdf,Publishable,CVPR
P109.pdf,Publishable,EMNLP
P066.pdf,Publishable,EMNLP
P080.pdf,Publishable,NeurIPS
P091.pdf,Publishable,EMNLP
P027.pdf,Publishable,EMNLP
P133.pdf,Publishable,EMNLP
P114.pdf,Publishable,CVPR
P128.pdf,Publishable,EMNLP
P028.pdf,Publishable,EMNLP
P058.pdf,Publishable,EMNLP
P021.pdf,Publishable,CVPR
P029.pdf,Publishable,CVPR
P062.pdf,Publishable,EMNLP
P123.pdf,Publishable,EMNLP
P065.pdf,Publishable,CVPR
P079.pdf,Publishable,CVPR
P120.pdf,Publishable,EMNLP
P102.pdf,Publishable,CVPR
P092.pdf,Publishable,NeurIPS
P007.pdf,Publishable,EMNLP
P009.pdf,Publishable,EMNLP
P026.pdf,Publishable,NeurIPS
P115.pdf,Publishable,EMNLP
P121.pdf,Publishable,EMNLP
P063.pdf,Publishable,EMNLP
P011.pdf,Publishable,NeurIPS
P099.pdf,Publishable,EMNLP
P005.pdf,Publishable,CVPR
P051.pdf,Publishable,EMNLP
P085.pdf,Publishable,NeurIPS
P050.pdf,Publishable,EMNLP
P110.pdf,Publishable,EMNLP
P012.pdf,Publishable,CVPR
P060.pdf,Publishable,CVPR
P069.pdf,Publishable,EMNLP
P135.pdf,Publishable,NeurIPS
P078.pdf,Publishable,NeurIPS
P082.pdf,Publishable,CVPR
P023.pdf,Publishable,CVPR
P130.pdf,Publishable,CVPR
P113.pdf,Publishable,EMNLP
P010.pdf,Publishable,KDD
P094.pdf,Publishable,CVPR
P071.pdf,Publishable,EMNLP
P017.pdf,Publishable,EMNLP
P074.pdf,Publishable,CVPR
P025.pdf,Publishable,CVPR
P020.pdf,Publishable,CVPR
P083.pdf,Publishable,EMNLP
P125.pdf,Publishable,EMNLP
P013.pdf,Publishable,EMNLP
P107.pdf,Publishable,NeurIPS
P117.pdf,Publishable,CVPR
P016.pdf,Publishable,NeurIPS
P126.pdf,Publishable,NeurIPS
P087.pdf,Publishable,CVPR
P055.pdf,Publishable,CVPR
P014.pdf,Publishable,CVPR
P004.pdf,Publishable,NeurIPS
P086.pdf,Publishable,CVPR
P037.pdf,Publishable,EMNLP
P134.pdf,Publishable,CVPR
P075.pdf,Publishable,CVPR
P131.pdf,Publishable,CVPR
P054.pdf,Publishable,CVPR
P015.pdf,Publishable,CVPR
P084.pdf,Publishable,CVPR
P068.pdf,Publishable,CVPR
P001.pdf,Publishable,CVPR
P072.pdf,Publishable,NeurIPS
P045.pdf,Publishable,EMNLP
P034.pdf,Publishable,EMNLP
P073.pdf,Publishable,CVPR
P118.pdf,Publishable,EMNLP
P048.pdf,Publishable,NeurIPS
P095.pdf,Publishable,EMNLP
P019.pdf,Publishable,EMNLP
P031.pdf,Publishable,EMNLP
P127.pdf,Publishable,CVPR
P088.pdf,Publishable,NeurIPS
P042.pdf,Publishable,CVPR
P038.pdf,Publishable,NeurIPS
P101.pdf,Publishable,CVPR
P040.pdf,Publishable,CVPR
P024.pdf,Publishable,EMNLP
